--
-- PostgreSQL database dump
--

-- Dumped from database version 12.17 (Ubuntu 12.17-1.pgdg22.04+1)
-- Dumped by pg_dump version 12.17 (Ubuntu 12.17-1.pgdg22.04+1)

SET statement_timeout = 0;
SET lock_timeout = 0;
SET idle_in_transaction_session_timeout = 0;
SET client_encoding = 'UTF8';
SET standard_conforming_strings = on;
SELECT pg_catalog.set_config('search_path', '', false);
SET check_function_bodies = false;
SET xmloption = content;
SET client_min_messages = warning;
SET row_security = off;

DROP DATABASE universe;
--
-- Name: universe; Type: DATABASE; Schema: -; Owner: freecodecamp
--

CREATE DATABASE universe WITH TEMPLATE = template0 ENCODING = 'UTF8' LC_COLLATE = 'C.UTF-8' LC_CTYPE = 'C.UTF-8';


ALTER DATABASE universe OWNER TO freecodecamp;

\connect universe

SET statement_timeout = 0;
SET lock_timeout = 0;
SET idle_in_transaction_session_timeout = 0;
SET client_encoding = 'UTF8';
SET standard_conforming_strings = on;
SELECT pg_catalog.set_config('search_path', '', false);
SET check_function_bodies = false;
SET xmloption = content;
SET client_min_messages = warning;
SET row_security = off;

SET default_tablespace = '';

SET default_table_access_method = heap;

--
-- Name: cluster; Type: TABLE; Schema: public; Owner: freecodecamp
--

CREATE TABLE public.cluster (
    cluster_id integer NOT NULL,
    name character varying(30) NOT NULL,
    age_in_millions_of_years integer
);


ALTER TABLE public.cluster OWNER TO freecodecamp;

--
-- Name: cluster_cluster_id_seq; Type: SEQUENCE; Schema: public; Owner: freecodecamp
--

CREATE SEQUENCE public.cluster_cluster_id_seq
    AS integer
    START WITH 1
    INCREMENT BY 1
    NO MINVALUE
    NO MAXVALUE
    CACHE 1;


ALTER TABLE public.cluster_cluster_id_seq OWNER TO freecodecamp;

--
-- Name: cluster_cluster_id_seq; Type: SEQUENCE OWNED BY; Schema: public; Owner: freecodecamp
--

ALTER SEQUENCE public.cluster_cluster_id_seq OWNED BY public.cluster.cluster_id;


--
-- Name: galaxy; Type: TABLE; Schema: public; Owner: freecodecamp
--

CREATE TABLE public.galaxy (
    galaxy_id integer NOT NULL,
    name character varying(255) NOT NULL,
    galaxy_type text,
    description text,
    distance_from_earth numeric,
    age_in_millions_of_years integer
);


ALTER TABLE public.galaxy OWNER TO freecodecamp;

--
-- Name: galaxy_galaxy_id_seq; Type: SEQUENCE; Schema: public; Owner: freecodecamp
--

CREATE SEQUENCE public.galaxy_galaxy_id_seq
    AS integer
    START WITH 1
    INCREMENT BY 1
    NO MINVALUE
    NO MAXVALUE
    CACHE 1;


ALTER TABLE public.galaxy_galaxy_id_seq OWNER TO freecodecamp;

--
-- Name: galaxy_galaxy_id_seq; Type: SEQUENCE OWNED BY; Schema: public; Owner: freecodecamp
--

ALTER SEQUENCE public.galaxy_galaxy_id_seq OWNED BY public.galaxy.galaxy_id;


--
-- Name: moon; Type: TABLE; Schema: public; Owner: freecodecamp
--

CREATE TABLE public.moon (
    moon_id integer NOT NULL,
    name character varying(255) NOT NULL,
    moon_type character varying(50),
    is_spherical boolean NOT NULL,
    has_life boolean NOT NULL,
    planet_id integer
);


ALTER TABLE public.moon OWNER TO freecodecamp;

--
-- Name: moon_moon_id_seq; Type: SEQUENCE; Schema: public; Owner: freecodecamp
--

CREATE SEQUENCE public.moon_moon_id_seq
    AS integer
    START WITH 1
    INCREMENT BY 1
    NO MINVALUE
    NO MAXVALUE
    CACHE 1;


ALTER TABLE public.moon_moon_id_seq OWNER TO freecodecamp;

--
-- Name: moon_moon_id_seq; Type: SEQUENCE OWNED BY; Schema: public; Owner: freecodecamp
--

ALTER SEQUENCE public.moon_moon_id_seq OWNED BY public.moon.moon_id;


--
-- Name: planet; Type: TABLE; Schema: public; Owner: freecodecamp
--

CREATE TABLE public.planet (
    planet_id integer NOT NULL,
    name character varying(255) NOT NULL,
    planet_type character varying(50),
    is_spherical boolean NOT NULL,
    planet_description text,
    star_id integer
);


ALTER TABLE public.planet OWNER TO freecodecamp;

--
-- Name: planet_planet_id_seq; Type: SEQUENCE; Schema: public; Owner: freecodecamp
--

CREATE SEQUENCE public.planet_planet_id_seq
    AS integer
    START WITH 1
    INCREMENT BY 1
    NO MINVALUE
    NO MAXVALUE
    CACHE 1;


ALTER TABLE public.planet_planet_id_seq OWNER TO freecodecamp;

--
-- Name: planet_planet_id_seq; Type: SEQUENCE OWNED BY; Schema: public; Owner: freecodecamp
--

ALTER SEQUENCE public.planet_planet_id_seq OWNED BY public.planet.planet_id;


--
-- Name: space; Type: TABLE; Schema: public; Owner: freecodecamp
--

CREATE TABLE public.space (
    space_id integer NOT NULL,
    name character varying(30) NOT NULL,
    age_in_millions_of_years integer
);


ALTER TABLE public.space OWNER TO freecodecamp;

--
-- Name: space_space_id_seq; Type: SEQUENCE; Schema: public; Owner: freecodecamp
--

CREATE SEQUENCE public.space_space_id_seq
    AS integer
    START WITH 1
    INCREMENT BY 1
    NO MINVALUE
    NO MAXVALUE
    CACHE 1;


ALTER TABLE public.space_space_id_seq OWNER TO freecodecamp;

--
-- Name: space_space_id_seq; Type: SEQUENCE OWNED BY; Schema: public; Owner: freecodecamp
--

ALTER SEQUENCE public.space_space_id_seq OWNED BY public.space.space_id;


--
-- Name: star; Type: TABLE; Schema: public; Owner: freecodecamp
--

CREATE TABLE public.star (
    star_id integer NOT NULL,
    name character varying(255) NOT NULL,
    star_type character varying(50),
    age_in_millions_of_years integer NOT NULL,
    has_life boolean NOT NULL,
    galaxy_id integer,
    number_of_planets integer
);


ALTER TABLE public.star OWNER TO freecodecamp;

--
-- Name: star_star_id_seq; Type: SEQUENCE; Schema: public; Owner: freecodecamp
--

CREATE SEQUENCE public.star_star_id_seq
    AS integer
    START WITH 1
    INCREMENT BY 1
    NO MINVALUE
    NO MAXVALUE
    CACHE 1;


ALTER TABLE public.star_star_id_seq OWNER TO freecodecamp;

--
-- Name: star_star_id_seq; Type: SEQUENCE OWNED BY; Schema: public; Owner: freecodecamp
--

ALTER SEQUENCE public.star_star_id_seq OWNED BY public.star.star_id;


--
-- Name: cluster cluster_id; Type: DEFAULT; Schema: public; Owner: freecodecamp
--

ALTER TABLE ONLY public.cluster ALTER COLUMN cluster_id SET DEFAULT nextval('public.cluster_cluster_id_seq'::regclass);


--
-- Name: galaxy galaxy_id; Type: DEFAULT; Schema: public; Owner: freecodecamp
--

ALTER TABLE ONLY public.galaxy ALTER COLUMN galaxy_id SET DEFAULT nextval('public.galaxy_galaxy_id_seq'::regclass);


--
-- Name: moon moon_id; Type: DEFAULT; Schema: public; Owner: freecodecamp
--

ALTER TABLE ONLY public.moon ALTER COLUMN moon_id SET DEFAULT nextval('public.moon_moon_id_seq'::regclass);


--
-- Name: planet planet_id; Type: DEFAULT; Schema: public; Owner: freecodecamp
--

ALTER TABLE ONLY public.planet ALTER COLUMN planet_id SET DEFAULT nextval('public.planet_planet_id_seq'::regclass);


--
-- Name: space space_id; Type: DEFAULT; Schema: public; Owner: freecodecamp
--

ALTER TABLE ONLY public.space ALTER COLUMN space_id SET DEFAULT nextval('public.space_space_id_seq'::regclass);


--
-- Name: star star_id; Type: DEFAULT; Schema: public; Owner: freecodecamp
--

ALTER TABLE ONLY public.star ALTER COLUMN star_id SET DEFAULT nextval('public.star_star_id_seq'::regclass);


--
-- Data for Name: cluster; Type: TABLE DATA; Schema: public; Owner: freecodecamp
--

INSERT INTO public.cluster VALUES (1, 'New nebula', 3400);
INSERT INTO public.cluster VALUES (2, 'Whisky', 5600);
INSERT INTO public.cluster VALUES (3, 'Big boys', 2300);


--
-- Data for Name: galaxy; Type: TABLE DATA; Schema: public; Owner: freecodecamp
--

INSERT INTO public.galaxy VALUES (1, 'Milky Way', 'Spiral', 'Home to the Solar System', 27000, NULL);
INSERT INTO public.galaxy VALUES (2, 'Andromeda', 'Spiral', 'Closest spiral galaxy to Milky Way', 2530000, NULL);
INSERT INTO public.galaxy VALUES (3, 'Triangulum', 'Spiral', 'Third largest galaxy in Local Group', 3000000, NULL);
INSERT INTO public.galaxy VALUES (4, 'Messier 87', 'Elliptical', 'Located in the Virgo Cluster', 54000000, NULL);
INSERT INTO public.galaxy VALUES (5, 'Centaurus A', 'Elliptical', 'Radio galaxy and prominent source of cosmic rays', 13400000, NULL);
INSERT INTO public.galaxy VALUES (6, 'Whirlpool', 'Spiral', 'Interacting grand-design spiral galaxy', 31000000, NULL);


--
-- Data for Name: moon; Type: TABLE DATA; Schema: public; Owner: freecodecamp
--

INSERT INTO public.moon VALUES (1, 'Luna', 'Natural satellite', true, false, 1);
INSERT INTO public.moon VALUES (2, 'Phobos', 'Natural satellite', true, false, 2);
INSERT INTO public.moon VALUES (3, 'Deimos', 'Natural satellite', true, false, 2);
INSERT INTO public.moon VALUES (4, 'Ganymede', 'Natural satellite', true, false, 3);
INSERT INTO public.moon VALUES (5, 'Europa', 'Natural satellite', true, false, 3);
INSERT INTO public.moon VALUES (6, 'Titan', 'Natural satellite', true, false, 4);
INSERT INTO public.moon VALUES (7, 'Triton', 'Natural satellite', true, false, 5);
INSERT INTO public.moon VALUES (8, 'Charon', 'Natural satellite', true, false, 6);
INSERT INTO public.moon VALUES (9, 'Proxima Centauri b I', 'Natural satellite', true, false, 8);
INSERT INTO public.moon VALUES (10, 'Proxima Centauri b II', 'Natural satellite', true, false, 8);
INSERT INTO public.moon VALUES (11, 'Gliese 581 c I', 'Natural satellite', true, false, 9);
INSERT INTO public.moon VALUES (12, 'Gliese 581 c II', 'Natural satellite', true, false, 9);
INSERT INTO public.moon VALUES (13, 'Kepler-22b I', 'Natural satellite', true, false, 10);
INSERT INTO public.moon VALUES (14, 'Kepler-22b II', 'Natural satellite', true, false, 10);
INSERT INTO public.moon VALUES (15, 'HD 189733 b I', 'Natural satellite', true, false, 11);
INSERT INTO public.moon VALUES (16, 'HD 189733 b II', 'Natural satellite', true, false, 11);
INSERT INTO public.moon VALUES (17, 'HD 189733 b III', 'Natural satellite', true, false, 11);
INSERT INTO public.moon VALUES (18, 'HD 189733 b IV', 'Natural satellite', true, false, 11);
INSERT INTO public.moon VALUES (19, 'HD 189733 b V', 'Natural satellite', true, false, 11);
INSERT INTO public.moon VALUES (20, 'HD 189733 b VI', 'Natural satellite', true, false, 11);


--
-- Data for Name: planet; Type: TABLE DATA; Schema: public; Owner: freecodecamp
--

INSERT INTO public.planet VALUES (1, 'Earth', 'Terrestrial', true, 'Third planet from the Sun', 1);
INSERT INTO public.planet VALUES (2, 'Mars', 'Terrestrial', true, 'Fourth planet from the Sun', 1);
INSERT INTO public.planet VALUES (3, 'Jupiter', 'Gas giant', true, 'Fifth planet from the Sun', 1);
INSERT INTO public.planet VALUES (4, 'Saturn', 'Gas giant', true, 'Sixth planet from the Sun', 1);
INSERT INTO public.planet VALUES (5, 'Uranus', 'Ice giant', true, 'Seventh planet from the Sun', 1);
INSERT INTO public.planet VALUES (6, 'Neptune', 'Ice giant', true, 'Eighth planet from the Sun', 1);
INSERT INTO public.planet VALUES (7, 'Alpha Centauri Bb', 'Exoplanet', true, 'Exoplanet orbiting Alpha Centauri A', 3);
INSERT INTO public.planet VALUES (8, 'Proxima Centauri b', 'Exoplanet', true, 'Exoplanet orbiting Proxima Centauri', 4);
INSERT INTO public.planet VALUES (9, 'Gliese 581 c', 'Exoplanet', true, 'Exoplanet orbiting Gliese 581', 5);
INSERT INTO public.planet VALUES (10, 'Gliese 581 d', 'Exoplanet', true, 'Exoplanet orbiting Gliese 581', 5);
INSERT INTO public.planet VALUES (11, 'Kepler-22b', 'Exoplanet', true, 'Exoplanet orbiting Kepler-22', 6);
INSERT INTO public.planet VALUES (12, 'HD 189733 b', 'Exoplanet', true, 'Exoplanet orbiting HD 189733', 6);


--
-- Data for Name: space; Type: TABLE DATA; Schema: public; Owner: freecodecamp
--

INSERT INTO public.space VALUES (1, 'Exosphere', 1290);
INSERT INTO public.space VALUES (2, 'Troposphere', 3498);
INSERT INTO public.space VALUES (3, 'Exterior', 1246);


--
-- Data for Name: star; Type: TABLE DATA; Schema: public; Owner: freecodecamp
--

INSERT INTO public.star VALUES (1, 'Sun', 'G-type main-sequence', 4500, false, 1, NULL);
INSERT INTO public.star VALUES (2, 'Sirius', 'A-type main-sequence', 200, false, 1, NULL);
INSERT INTO public.star VALUES (3, 'Alpha Centauri A', 'G-type main-sequence', 6000, false, 1, NULL);
INSERT INTO public.star VALUES (4, 'Proxima Centauri', 'Red dwarf', 500, false, 1, NULL);
INSERT INTO public.star VALUES (5, 'Betelgeuse', 'Red supergiant', 8000, false, 2, NULL);
INSERT INTO public.star VALUES (6, 'Antares', 'Red supergiant', 12000, false, 2, NULL);


--
-- Name: cluster_cluster_id_seq; Type: SEQUENCE SET; Schema: public; Owner: freecodecamp
--

SELECT pg_catalog.setval('public.cluster_cluster_id_seq', 3, true);


--
-- Name: galaxy_galaxy_id_seq; Type: SEQUENCE SET; Schema: public; Owner: freecodecamp
--

SELECT pg_catalog.setval('public.galaxy_galaxy_id_seq', 6, true);


--
-- Name: moon_moon_id_seq; Type: SEQUENCE SET; Schema: public; Owner: freecodecamp
--

SELECT pg_catalog.setval('public.moon_moon_id_seq', 20, true);


--
-- Name: planet_planet_id_seq; Type: SEQUENCE SET; Schema: public; Owner: freecodecamp
--

SELECT pg_catalog.setval('public.planet_planet_id_seq', 12, true);


--
-- Name: space_space_id_seq; Type: SEQUENCE SET; Schema: public; Owner: freecodecamp
--

SELECT pg_catalog.setval('public.space_space_id_seq', 3, true);


--
-- Name: star_star_id_seq; Type: SEQUENCE SET; Schema: public; Owner: freecodecamp
--

SELECT pg_catalog.setval('public.star_star_id_seq', 6, true);


--
-- Name: cluster cluster_name_key; Type: CONSTRAINT; Schema: public; Owner: freecodecamp
--

ALTER TABLE ONLY public.cluster
    ADD CONSTRAINT cluster_name_key UNIQUE (name);


--
-- Name: cluster cluster_pkey; Type: CONSTRAINT; Schema: public; Owner: freecodecamp
--

ALTER TABLE ONLY public.cluster
    ADD CONSTRAINT cluster_pkey PRIMARY KEY (cluster_id);


--
-- Name: galaxy galaxy_name_key; Type: CONSTRAINT; Schema: public; Owner: freecodecamp
--

ALTER TABLE ONLY public.galaxy
    ADD CONSTRAINT galaxy_name_key UNIQUE (name);


--
-- Name: galaxy galaxy_pkey; Type: CONSTRAINT; Schema: public; Owner: freecodecamp
--

ALTER TABLE ONLY public.galaxy
    ADD CONSTRAINT galaxy_pkey PRIMARY KEY (galaxy_id);


--
-- Name: moon moon_pkey; Type: CONSTRAINT; Schema: public; Owner: freecodecamp
--

ALTER TABLE ONLY public.moon
    ADD CONSTRAINT moon_pkey PRIMARY KEY (moon_id);


--
-- Name: planet planet_pkey; Type: CONSTRAINT; Schema: public; Owner: freecodecamp
--

ALTER TABLE ONLY public.planet
    ADD CONSTRAINT planet_pkey PRIMARY KEY (planet_id);


--
-- Name: space space_name_key; Type: CONSTRAINT; Schema: public; Owner: freecodecamp
--

ALTER TABLE ONLY public.space
    ADD CONSTRAINT space_name_key UNIQUE (name);


--
-- Name: space space_pkey; Type: CONSTRAINT; Schema: public; Owner: freecodecamp
--

ALTER TABLE ONLY public.space
    ADD CONSTRAINT space_pkey PRIMARY KEY (space_id);


--
-- Name: star star_pkey; Type: CONSTRAINT; Schema: public; Owner: freecodecamp
--

ALTER TABLE ONLY public.star
    ADD CONSTRAINT star_pkey PRIMARY KEY (star_id);


--
-- Name: galaxy unique_galaxy_name; Type: CONSTRAINT; Schema: public; Owner: freecodecamp
--

ALTER TABLE ONLY public.galaxy
    ADD CONSTRAINT unique_galaxy_name UNIQUE (name);


--
-- Name: moon unique_moon_name; Type: CONSTRAINT; Schema: public; Owner: freecodecamp
--

ALTER TABLE ONLY public.moon
    ADD CONSTRAINT unique_moon_name UNIQUE (name);


--
-- Name: planet unique_planet_name; Type: CONSTRAINT; Schema: public; Owner: freecodecamp
--

ALTER TABLE ONLY public.planet
    ADD CONSTRAINT unique_planet_name UNIQUE (name);


--
-- Name: star unique_star_name; Type: CONSTRAINT; Schema: public; Owner: freecodecamp
--

ALTER TABLE ONLY public.star
    ADD CONSTRAINT unique_star_name UNIQUE (name);


--
-- Name: moon moon_planet_id_fkey; Type: FK CONSTRAINT; Schema: public; Owner: freecodecamp
--

ALTER TABLE ONLY public.moon
    ADD CONSTRAINT moon_planet_id_fkey FOREIGN KEY (planet_id) REFERENCES public.planet(planet_id);


--
-- Name: planet planet_star_id_fkey; Type: FK CONSTRAINT; Schema: public; Owner: freecodecamp
--

ALTER TABLE ONLY public.planet
    ADD CONSTRAINT planet_star_id_fkey FOREIGN KEY (star_id) REFERENCES public.star(star_id);


--
-- Name: star star_galaxy_id_fkey; Type: FK CONSTRAINT; Schema: public; Owner: freecodecamp
--

ALTER TABLE ONLY public.star
    ADD CONSTRAINT star_galaxy_id_fkey FOREIGN KEY (galaxy_id) REFERENCES public.galaxy(galaxy_id);


--
-- PostgreSQL database dump complete
--

